epoch,train_loss,val_loss
1,0.23258730496273217,0.17593709560091267
