epoch,train_loss,val_loss
1,0.06392130568318732,0.026019842105511518
