epoch,train_loss,val_loss
1,0.07483105300122402,0.02429227154718832
